
***************************************************************************************************************
TYPE == MESSAGE
TIME :17.07.2026 15:24:23
==> MESSAGE : Display pad Message Pump Thread Started: True
==> STACK TRACE : 
***************************************************************************************************************

***************************************************************************************************************
TITLE == DisplayPadIsDevicePlug
TYPE == MESSAGE
TIME :17.07.2026 15:24:23
==> MESSAGE : True
==> STACK TRACE : 
***************************************************************************************************************

***************************************************************************************************************
TYPE == MESSAGE
TIME :17.07.2026 16:52:21
==> MESSAGE : Display pad Message Pump Thread Started: True
==> STACK TRACE : 
***************************************************************************************************************

***************************************************************************************************************
TITLE == DisplayPadIsDevicePlug
TYPE == MESSAGE
TIME :17.07.2026 16:52:21
==> MESSAGE : True
==> STACK TRACE : 
***************************************************************************************************************

***************************************************************************************************************
TYPE == MESSAGE
TIME :17.07.2026 17:23:47
==> MESSAGE : Display pad Message Pump Thread Started: True
==> STACK TRACE : 
***************************************************************************************************************

***************************************************************************************************************
TITLE == DisplayPadIsDevicePlug
TYPE == MESSAGE
TIME :17.07.2026 17:23:47
==> MESSAGE : True
==> STACK TRACE : 
***************************************************************************************************************

***************************************************************************************************************
TYPE == MESSAGE
TIME :17.07.2026 17:25:51
==> MESSAGE : Display pad Message Pump Thread Started: True
==> STACK TRACE : 
***************************************************************************************************************

***************************************************************************************************************
TITLE == DisplayPadIsDevicePlug
TYPE == MESSAGE
TIME :17.07.2026 17:25:51
==> MESSAGE : True
==> STACK TRACE : 
***************************************************************************************************************

***************************************************************************************************************
TYPE == MESSAGE
TIME :17.07.2026 17:26:42
==> MESSAGE : Display pad Message Pump Thread Started: True
==> STACK TRACE : 
***************************************************************************************************************

***************************************************************************************************************
TITLE == DisplayPadIsDevicePlug
TYPE == MESSAGE
TIME :17.07.2026 17:26:42
==> MESSAGE : True
==> STACK TRACE : 
***************************************************************************************************************

***************************************************************************************************************
TYPE == MESSAGE
TIME :17.07.2026 18:39:09
==> MESSAGE : Display pad Message Pump Thread Started: True
==> STACK TRACE : 
***************************************************************************************************************

***************************************************************************************************************
TITLE == DisplayPadIsDevicePlug
TYPE == MESSAGE
TIME :17.07.2026 18:39:09
==> MESSAGE : True
==> STACK TRACE : 
***************************************************************************************************************

***************************************************************************************************************
TITLE == DisplayPadIsDevicePlug
TYPE == MESSAGE
TIME :17.07.2026 18:39:09
==> MESSAGE : True
==> STACK TRACE : 
***************************************************************************************************************

***************************************************************************************************************
TITLE == DisplayPadAPEnable
TYPE == MESSAGE
TIME :17.07.2026 18:39:09
==> MESSAGE : True
==> STACK TRACE : 
***************************************************************************************************************

***************************************************************************************************************
TITLE == DisplayPadIsDevicePlug
TYPE == MESSAGE
TIME :17.07.2026 18:39:09
==> MESSAGE : True
==> STACK TRACE : 
***************************************************************************************************************

***************************************************************************************************************
TITLE == DisplayPadIsDevicePlug
TYPE == MESSAGE
TIME :17.07.2026 18:39:09
==> MESSAGE : True
==> STACK TRACE : 
***************************************************************************************************************

***************************************************************************************************************
TITLE == DisplayPadAPEnable
TYPE == MESSAGE
TIME :17.07.2026 18:39:09
==> MESSAGE : True
==> STACK TRACE : 
***************************************************************************************************************

***************************************************************************************************************
TITLE == DisplayPadAPEnable
TYPE == MESSAGE
TIME :17.07.2026 18:39:09
==> MESSAGE : True
==> STACK TRACE : 
***************************************************************************************************************

***************************************************************************************************************
TYPE == MESSAGE
TIME :17.07.2026 18:40:05
==> MESSAGE : Display pad Message Pump Thread Started: True
==> STACK TRACE : 
***************************************************************************************************************

***************************************************************************************************************
TITLE == DisplayPadIsDevicePlug
TYPE == MESSAGE
TIME :17.07.2026 18:40:05
==> MESSAGE : True
==> STACK TRACE : 
***************************************************************************************************************

***************************************************************************************************************
TITLE == DisplayPadIsDevicePlug
TYPE == MESSAGE
TIME :17.07.2026 18:40:05
==> MESSAGE : True
==> STACK TRACE : 
***************************************************************************************************************

***************************************************************************************************************
TITLE == DisplayPadAPEnable
TYPE == MESSAGE
TIME :17.07.2026 18:40:05
==> MESSAGE : True
==> STACK TRACE : 
***************************************************************************************************************

***************************************************************************************************************
TITLE == DisplayPadIsDevicePlug
TYPE == MESSAGE
TIME :17.07.2026 18:40:05
==> MESSAGE : True
==> STACK TRACE : 
***************************************************************************************************************

***************************************************************************************************************
TITLE == DisplayPadIsDevicePlug
TYPE == MESSAGE
TIME :17.07.2026 18:40:05
==> MESSAGE : True
==> STACK TRACE : 
***************************************************************************************************************

***************************************************************************************************************
TITLE == DisplayPadAPEnable
TYPE == MESSAGE
TIME :17.07.2026 18:40:05
==> MESSAGE : True
==> STACK TRACE : 
***************************************************************************************************************

***************************************************************************************************************
TITLE == DisplayPadAPEnable
TYPE == MESSAGE
TIME :17.07.2026 18:40:05
==> MESSAGE : True
==> STACK TRACE : 
***************************************************************************************************************

***************************************************************************************************************
TITLE == DisplayPadIsDevicePlug
TYPE == MESSAGE
TIME :17.07.2026 18:43:15
==> MESSAGE : True
==> STACK TRACE : 
***************************************************************************************************************

***************************************************************************************************************
TITLE == DisplayPadResetKeys
TYPE == MESSAGE
TIME :17.07.2026 18:43:15
==> MESSAGE : False
==> STACK TRACE : 
***************************************************************************************************************

***************************************************************************************************************
TITLE == DisplayPadResetPicture
TYPE == MESSAGE
TIME :17.07.2026 18:43:15
==> MESSAGE : False
==> STACK TRACE : 
***************************************************************************************************************

***************************************************************************************************************
TITLE == DisplayPadIsDevicePlug
TYPE == MESSAGE
TIME :17.07.2026 18:43:30
==> MESSAGE : True
==> STACK TRACE : 
***************************************************************************************************************

***************************************************************************************************************
TITLE == DisplayPadIsDevicePlug
TYPE == MESSAGE
TIME :17.07.2026 18:43:30
==> MESSAGE : True
==> STACK TRACE : 
***************************************************************************************************************

***************************************************************************************************************
TITLE == DisplayPadIsDevicePlug
TYPE == MESSAGE
TIME :17.07.2026 18:43:30
==> MESSAGE : True
==> STACK TRACE : 
***************************************************************************************************************

***************************************************************************************************************
TITLE == DisplayPadIsDevicePlug
TYPE == MESSAGE
TIME :17.07.2026 18:43:30
==> MESSAGE : True
==> STACK TRACE : 
***************************************************************************************************************

***************************************************************************************************************
TITLE == DisplayPadIsDevicePlug
TYPE == MESSAGE
TIME :17.07.2026 18:43:30
==> MESSAGE : True
==> STACK TRACE : 
***************************************************************************************************************

***************************************************************************************************************
TITLE == DisplayPadIsDevicePlug
TYPE == MESSAGE
TIME :17.07.2026 18:43:30
==> MESSAGE : True
==> STACK TRACE : 
***************************************************************************************************************

***************************************************************************************************************
TITLE == DisplayPadIsDevicePlug
TYPE == MESSAGE
TIME :17.07.2026 18:43:30
==> MESSAGE : True
==> STACK TRACE : 
***************************************************************************************************************

***************************************************************************************************************
TITLE == DisplayPadIsDevicePlug
TYPE == MESSAGE
TIME :17.07.2026 18:43:30
==> MESSAGE : True
==> STACK TRACE : 
***************************************************************************************************************

***************************************************************************************************************
TITLE == DisplayPadIsDevicePlug
TYPE == MESSAGE
TIME :17.07.2026 18:43:30
==> MESSAGE : True
==> STACK TRACE : 
***************************************************************************************************************

***************************************************************************************************************
TITLE == DisplayPadIsDevicePlug
TYPE == MESSAGE
TIME :17.07.2026 18:43:30
==> MESSAGE : True
==> STACK TRACE : 
***************************************************************************************************************

***************************************************************************************************************
TITLE == DisplayPadIsDevicePlug
TYPE == MESSAGE
TIME :17.07.2026 18:43:30
==> MESSAGE : True
==> STACK TRACE : 
***************************************************************************************************************

***************************************************************************************************************
TITLE == DisplayPadIsDevicePlug
TYPE == MESSAGE
TIME :17.07.2026 18:43:30
==> MESSAGE : True
==> STACK TRACE : 
***************************************************************************************************************

***************************************************************************************************************
TITLE == DisplayPadIsDevicePlug
TYPE == MESSAGE
TIME :17.07.2026 18:43:30
==> MESSAGE : True
==> STACK TRACE : 
***************************************************************************************************************

***************************************************************************************************************
TITLE == DisplayPadIsDevicePlug
TYPE == MESSAGE
TIME :17.07.2026 18:43:41
==> MESSAGE : True
==> STACK TRACE : 
***************************************************************************************************************

***************************************************************************************************************
TITLE == DisplayPadIsDevicePlug
TYPE == MESSAGE
TIME :17.07.2026 18:43:41
==> MESSAGE : True
==> STACK TRACE : 
***************************************************************************************************************

***************************************************************************************************************
TITLE == DisplayPadIsDevicePlug
TYPE == MESSAGE
TIME :17.07.2026 18:43:41
==> MESSAGE : True
==> STACK TRACE : 
***************************************************************************************************************

***************************************************************************************************************
TITLE == DisplayPadIsDevicePlug
TYPE == MESSAGE
TIME :17.07.2026 18:43:41
==> MESSAGE : True
==> STACK TRACE : 
***************************************************************************************************************

***************************************************************************************************************
TITLE == DisplayPadIsDevicePlug
TYPE == MESSAGE
TIME :17.07.2026 18:43:41
==> MESSAGE : True
==> STACK TRACE : 
***************************************************************************************************************

***************************************************************************************************************
TITLE == DisplayPadIsDevicePlug
TYPE == MESSAGE
TIME :17.07.2026 18:43:41
==> MESSAGE : True
==> STACK TRACE : 
***************************************************************************************************************

***************************************************************************************************************
TITLE == DisplayPadIsDevicePlug
TYPE == MESSAGE
TIME :17.07.2026 18:43:41
==> MESSAGE : True
==> STACK TRACE : 
***************************************************************************************************************

***************************************************************************************************************
TITLE == DisplayPadIsDevicePlug
TYPE == MESSAGE
TIME :17.07.2026 18:43:41
==> MESSAGE : True
==> STACK TRACE : 
***************************************************************************************************************

***************************************************************************************************************
TITLE == DisplayPadIsDevicePlug
TYPE == MESSAGE
TIME :17.07.2026 18:43:41
==> MESSAGE : True
==> STACK TRACE : 
***************************************************************************************************************

***************************************************************************************************************
TITLE == DisplayPadIsDevicePlug
TYPE == MESSAGE
TIME :17.07.2026 18:43:42
==> MESSAGE : True
==> STACK TRACE : 
***************************************************************************************************************

***************************************************************************************************************
TITLE == DisplayPadIsDevicePlug
TYPE == MESSAGE
TIME :17.07.2026 18:43:42
==> MESSAGE : True
==> STACK TRACE : 
***************************************************************************************************************

***************************************************************************************************************
TITLE == DisplayPadIsDevicePlug
TYPE == MESSAGE
TIME :17.07.2026 18:43:42
==> MESSAGE : True
==> STACK TRACE : 
***************************************************************************************************************

***************************************************************************************************************
TITLE == DisplayPadIsDevicePlug
TYPE == MESSAGE
TIME :17.07.2026 18:43:42
==> MESSAGE : True
==> STACK TRACE : 
***************************************************************************************************************

***************************************************************************************************************
TITLE == DisplayPadIsDevicePlug
TYPE == MESSAGE
TIME :17.07.2026 18:43:44
==> MESSAGE : True
==> STACK TRACE : 
***************************************************************************************************************

***************************************************************************************************************
TITLE == DisplayPadIsDevicePlug
TYPE == MESSAGE
TIME :17.07.2026 18:43:44
==> MESSAGE : True
==> STACK TRACE : 
***************************************************************************************************************

***************************************************************************************************************
TITLE == DisplayPadIsDevicePlug
TYPE == MESSAGE
TIME :17.07.2026 18:43:44
==> MESSAGE : True
==> STACK TRACE : 
***************************************************************************************************************

***************************************************************************************************************
TITLE == DisplayPadIsDevicePlug
TYPE == MESSAGE
TIME :17.07.2026 18:43:44
==> MESSAGE : True
==> STACK TRACE : 
***************************************************************************************************************

***************************************************************************************************************
TITLE == DisplayPadIsDevicePlug
TYPE == MESSAGE
TIME :17.07.2026 18:43:44
==> MESSAGE : True
==> STACK TRACE : 
***************************************************************************************************************

***************************************************************************************************************
TITLE == DisplayPadIsDevicePlug
TYPE == MESSAGE
TIME :17.07.2026 18:43:44
==> MESSAGE : True
==> STACK TRACE : 
***************************************************************************************************************

***************************************************************************************************************
TITLE == DisplayPadIsDevicePlug
TYPE == MESSAGE
TIME :17.07.2026 18:43:44
==> MESSAGE : True
==> STACK TRACE : 
***************************************************************************************************************

***************************************************************************************************************
TITLE == DisplayPadIsDevicePlug
TYPE == MESSAGE
TIME :17.07.2026 18:43:44
==> MESSAGE : True
==> STACK TRACE : 
***************************************************************************************************************

***************************************************************************************************************
TITLE == DisplayPadIsDevicePlug
TYPE == MESSAGE
TIME :17.07.2026 18:43:44
==> MESSAGE : True
==> STACK TRACE : 
***************************************************************************************************************

***************************************************************************************************************
TITLE == DisplayPadIsDevicePlug
TYPE == MESSAGE
TIME :17.07.2026 18:43:44
==> MESSAGE : True
==> STACK TRACE : 
***************************************************************************************************************

***************************************************************************************************************
TITLE == DisplayPadIsDevicePlug
TYPE == MESSAGE
TIME :17.07.2026 18:43:44
==> MESSAGE : True
==> STACK TRACE : 
***************************************************************************************************************

***************************************************************************************************************
TITLE == DisplayPadIsDevicePlug
TYPE == MESSAGE
TIME :17.07.2026 18:43:44
==> MESSAGE : True
==> STACK TRACE : 
***************************************************************************************************************

***************************************************************************************************************
TITLE == DisplayPadIsDevicePlug
TYPE == MESSAGE
TIME :17.07.2026 18:43:44
==> MESSAGE : True
==> STACK TRACE : 
***************************************************************************************************************

***************************************************************************************************************
TITLE == KeyCallBack
TYPE == ERROR
TIME :17.07.2026 18:44:01
==> MESSAGE : Object reference not set to an instance of an object.
==> STACK TRACE : at DisplayPad.Host.ViewModels.MainViewModel.RunOnUi(Action action) in D:\GDrive\Projekte und Programme\Projekte\DisplayPad Software\src\DisplayPad.Host\ViewModels\MainViewModel.cs:line 136
   at DisplayPad.Host.ViewModels.MainViewModel.<.ctor>b__24_1(Int32 matrix) in D:\GDrive\Projekte und Programme\Projekte\DisplayPad Software\src\DisplayPad.Host\ViewModels\MainViewModel.cs:line 89
   at DisplayPad.Host.Services.DeviceService.OnKey(Int32 keyMatrix, Int32 pressed, Int32 deviceId) in D:\GDrive\Projekte und Programme\Projekte\DisplayPad Software\src\DisplayPad.Host\Services\DeviceService.cs:line 57
   at DisplayPad.SDK.DisplayPadHelper.KeyCallback(Int32 KeyMatrix, Int32 iPressed, Int32 DeviceID)
   at DisplayPad.SDK.Helper.DisplayPadMessagePumpManager.CallBack(UInt16 wMatrix, Boolean bPressed, UInt32 ID)
***************************************************************************************************************

***************************************************************************************************************
TITLE == KeyCallBack
TYPE == ERROR
TIME :17.07.2026 18:44:18
==> MESSAGE : Object reference not set to an instance of an object.
==> STACK TRACE : at DisplayPad.Host.ViewModels.MainViewModel.RunOnUi(Action action) in D:\GDrive\Projekte und Programme\Projekte\DisplayPad Software\src\DisplayPad.Host\ViewModels\MainViewModel.cs:line 136
   at DisplayPad.Host.ViewModels.MainViewModel.<.ctor>b__24_1(Int32 matrix) in D:\GDrive\Projekte und Programme\Projekte\DisplayPad Software\src\DisplayPad.Host\ViewModels\MainViewModel.cs:line 89
   at DisplayPad.Host.Services.DeviceService.OnKey(Int32 keyMatrix, Int32 pressed, Int32 deviceId) in D:\GDrive\Projekte und Programme\Projekte\DisplayPad Software\src\DisplayPad.Host\Services\DeviceService.cs:line 57
   at DisplayPad.SDK.DisplayPadHelper.KeyCallback(Int32 KeyMatrix, Int32 iPressed, Int32 DeviceID)
   at DisplayPad.SDK.Helper.DisplayPadMessagePumpManager.CallBack(UInt16 wMatrix, Boolean bPressed, UInt32 ID)
***************************************************************************************************************

***************************************************************************************************************
TYPE == MESSAGE
TIME :17.07.2026 18:47:15
==> MESSAGE : Display pad Message Pump Thread Started: True
==> STACK TRACE : 
***************************************************************************************************************

***************************************************************************************************************
TITLE == DisplayPadIsDevicePlug
TYPE == MESSAGE
TIME :17.07.2026 18:47:15
==> MESSAGE : True
==> STACK TRACE : 
***************************************************************************************************************

***************************************************************************************************************
TITLE == DisplayPadIsDevicePlug
TYPE == MESSAGE
TIME :17.07.2026 18:47:15
==> MESSAGE : True
==> STACK TRACE : 
***************************************************************************************************************

***************************************************************************************************************
TITLE == DisplayPadAPEnable
TYPE == MESSAGE
TIME :17.07.2026 18:47:15
==> MESSAGE : True
==> STACK TRACE : 
***************************************************************************************************************

***************************************************************************************************************
TITLE == DisplayPadIsDevicePlug
TYPE == MESSAGE
TIME :17.07.2026 18:47:15
==> MESSAGE : True
==> STACK TRACE : 
***************************************************************************************************************

***************************************************************************************************************
TITLE == DisplayPadIsDevicePlug
TYPE == MESSAGE
TIME :17.07.2026 18:47:15
==> MESSAGE : True
==> STACK TRACE : 
***************************************************************************************************************

***************************************************************************************************************
TITLE == DisplayPadAPEnable
TYPE == MESSAGE
TIME :17.07.2026 18:47:15
==> MESSAGE : True
==> STACK TRACE : 
***************************************************************************************************************

***************************************************************************************************************
TITLE == DisplayPadAPEnable
TYPE == MESSAGE
TIME :17.07.2026 18:47:15
==> MESSAGE : True
==> STACK TRACE : 
***************************************************************************************************************

***************************************************************************************************************
TITLE == DisplayPadIsDevicePlug
TYPE == MESSAGE
TIME :17.07.2026 18:48:29
==> MESSAGE : True
==> STACK TRACE : 
***************************************************************************************************************

***************************************************************************************************************
TITLE == DisplayPadResetKeys
TYPE == MESSAGE
TIME :17.07.2026 18:48:29
==> MESSAGE : False
==> STACK TRACE : 
***************************************************************************************************************

***************************************************************************************************************
TITLE == DisplayPadResetPicture
TYPE == MESSAGE
TIME :17.07.2026 18:48:29
==> MESSAGE : False
==> STACK TRACE : 
***************************************************************************************************************

***************************************************************************************************************
TITLE == DisplayPadIsDevicePlug
TYPE == MESSAGE
TIME :17.07.2026 18:48:31
==> MESSAGE : True
==> STACK TRACE : 
***************************************************************************************************************

***************************************************************************************************************
TITLE == DisplayPadIsDevicePlug
TYPE == MESSAGE
TIME :17.07.2026 18:48:31
==> MESSAGE : True
==> STACK TRACE : 
***************************************************************************************************************

***************************************************************************************************************
TITLE == DisplayPadIsDevicePlug
TYPE == MESSAGE
TIME :17.07.2026 18:48:31
==> MESSAGE : True
==> STACK TRACE : 
***************************************************************************************************************

***************************************************************************************************************
TITLE == DisplayPadIsDevicePlug
TYPE == MESSAGE
TIME :17.07.2026 18:48:31
==> MESSAGE : True
==> STACK TRACE : 
***************************************************************************************************************

***************************************************************************************************************
TITLE == DisplayPadIsDevicePlug
TYPE == MESSAGE
TIME :17.07.2026 18:48:31
==> MESSAGE : True
==> STACK TRACE : 
***************************************************************************************************************

***************************************************************************************************************
TITLE == DisplayPadIsDevicePlug
TYPE == MESSAGE
TIME :17.07.2026 18:48:31
==> MESSAGE : True
==> STACK TRACE : 
***************************************************************************************************************

***************************************************************************************************************
TITLE == DisplayPadIsDevicePlug
TYPE == MESSAGE
TIME :17.07.2026 18:48:31
==> MESSAGE : True
==> STACK TRACE : 
***************************************************************************************************************

***************************************************************************************************************
TITLE == DisplayPadIsDevicePlug
TYPE == MESSAGE
TIME :17.07.2026 18:48:31
==> MESSAGE : True
==> STACK TRACE : 
***************************************************************************************************************

***************************************************************************************************************
TITLE == DisplayPadIsDevicePlug
TYPE == MESSAGE
TIME :17.07.2026 18:48:31
==> MESSAGE : True
==> STACK TRACE : 
***************************************************************************************************************

***************************************************************************************************************
TITLE == DisplayPadIsDevicePlug
TYPE == MESSAGE
TIME :17.07.2026 18:48:31
==> MESSAGE : True
==> STACK TRACE : 
***************************************************************************************************************

***************************************************************************************************************
TITLE == DisplayPadIsDevicePlug
TYPE == MESSAGE
TIME :17.07.2026 18:48:31
==> MESSAGE : True
==> STACK TRACE : 
***************************************************************************************************************

***************************************************************************************************************
TITLE == DisplayPadIsDevicePlug
TYPE == MESSAGE
TIME :17.07.2026 18:48:31
==> MESSAGE : True
==> STACK TRACE : 
***************************************************************************************************************

***************************************************************************************************************
TITLE == DisplayPadIsDevicePlug
TYPE == MESSAGE
TIME :17.07.2026 18:48:31
==> MESSAGE : True
==> STACK TRACE : 
***************************************************************************************************************

***************************************************************************************************************
TITLE == DisplayPadIsDevicePlug
TYPE == MESSAGE
TIME :17.07.2026 18:52:03
==> MESSAGE : True
==> STACK TRACE : 
***************************************************************************************************************

***************************************************************************************************************
TITLE == DisplayPadIsDevicePlug
TYPE == MESSAGE
TIME :17.07.2026 18:52:03
==> MESSAGE : True
==> STACK TRACE : 
***************************************************************************************************************

***************************************************************************************************************
TITLE == DisplayPadIsDevicePlug
TYPE == MESSAGE
TIME :17.07.2026 18:52:03
==> MESSAGE : True
==> STACK TRACE : 
***************************************************************************************************************

***************************************************************************************************************
TITLE == DisplayPadIsDevicePlug
TYPE == MESSAGE
TIME :17.07.2026 18:52:03
==> MESSAGE : True
==> STACK TRACE : 
***************************************************************************************************************

***************************************************************************************************************
TITLE == DisplayPadIsDevicePlug
TYPE == MESSAGE
TIME :17.07.2026 18:52:03
==> MESSAGE : True
==> STACK TRACE : 
***************************************************************************************************************

***************************************************************************************************************
TITLE == DisplayPadIsDevicePlug
TYPE == MESSAGE
TIME :17.07.2026 18:52:03
==> MESSAGE : True
==> STACK TRACE : 
***************************************************************************************************************

***************************************************************************************************************
TITLE == DisplayPadIsDevicePlug
TYPE == MESSAGE
TIME :17.07.2026 18:52:03
==> MESSAGE : True
==> STACK TRACE : 
***************************************************************************************************************

***************************************************************************************************************
TITLE == DisplayPadIsDevicePlug
TYPE == MESSAGE
TIME :17.07.2026 18:52:03
==> MESSAGE : True
==> STACK TRACE : 
***************************************************************************************************************

***************************************************************************************************************
TITLE == DisplayPadIsDevicePlug
TYPE == MESSAGE
TIME :17.07.2026 18:52:03
==> MESSAGE : True
==> STACK TRACE : 
***************************************************************************************************************

***************************************************************************************************************
TITLE == DisplayPadIsDevicePlug
TYPE == MESSAGE
TIME :17.07.2026 18:52:03
==> MESSAGE : True
==> STACK TRACE : 
***************************************************************************************************************

***************************************************************************************************************
TITLE == DisplayPadIsDevicePlug
TYPE == MESSAGE
TIME :17.07.2026 18:52:03
==> MESSAGE : True
==> STACK TRACE : 
***************************************************************************************************************

***************************************************************************************************************
TITLE == DisplayPadIsDevicePlug
TYPE == MESSAGE
TIME :17.07.2026 18:52:03
==> MESSAGE : True
==> STACK TRACE : 
***************************************************************************************************************

***************************************************************************************************************
TITLE == DisplayPadIsDevicePlug
TYPE == MESSAGE
TIME :17.07.2026 18:52:03
==> MESSAGE : True
==> STACK TRACE : 
***************************************************************************************************************

***************************************************************************************************************
TITLE == DisplayPadIsDevicePlug
TYPE == MESSAGE
TIME :17.07.2026 18:52:04
==> MESSAGE : True
==> STACK TRACE : 
***************************************************************************************************************

***************************************************************************************************************
TITLE == DisplayPadIsDevicePlug
TYPE == MESSAGE
TIME :17.07.2026 18:52:04
==> MESSAGE : True
==> STACK TRACE : 
***************************************************************************************************************

***************************************************************************************************************
TITLE == DisplayPadIsDevicePlug
TYPE == MESSAGE
TIME :17.07.2026 18:52:04
==> MESSAGE : True
==> STACK TRACE : 
***************************************************************************************************************

***************************************************************************************************************
TITLE == DisplayPadIsDevicePlug
TYPE == MESSAGE
TIME :17.07.2026 18:52:04
==> MESSAGE : True
==> STACK TRACE : 
***************************************************************************************************************

***************************************************************************************************************
TITLE == DisplayPadIsDevicePlug
TYPE == MESSAGE
TIME :17.07.2026 18:52:04
==> MESSAGE : True
==> STACK TRACE : 
***************************************************************************************************************

***************************************************************************************************************
TITLE == DisplayPadIsDevicePlug
TYPE == MESSAGE
TIME :17.07.2026 18:52:04
==> MESSAGE : True
==> STACK TRACE : 
***************************************************************************************************************

***************************************************************************************************************
TITLE == DisplayPadIsDevicePlug
TYPE == MESSAGE
TIME :17.07.2026 18:52:04
==> MESSAGE : True
==> STACK TRACE : 
***************************************************************************************************************

***************************************************************************************************************
TITLE == DisplayPadIsDevicePlug
TYPE == MESSAGE
TIME :17.07.2026 18:52:04
==> MESSAGE : True
==> STACK TRACE : 
***************************************************************************************************************

***************************************************************************************************************
TITLE == DisplayPadIsDevicePlug
TYPE == MESSAGE
TIME :17.07.2026 18:52:04
==> MESSAGE : True
==> STACK TRACE : 
***************************************************************************************************************

***************************************************************************************************************
TITLE == DisplayPadIsDevicePlug
TYPE == MESSAGE
TIME :17.07.2026 18:52:04
==> MESSAGE : True
==> STACK TRACE : 
***************************************************************************************************************

***************************************************************************************************************
TITLE == DisplayPadIsDevicePlug
TYPE == MESSAGE
TIME :17.07.2026 18:52:04
==> MESSAGE : True
==> STACK TRACE : 
***************************************************************************************************************

***************************************************************************************************************
TITLE == DisplayPadIsDevicePlug
TYPE == MESSAGE
TIME :17.07.2026 18:52:04
==> MESSAGE : True
==> STACK TRACE : 
***************************************************************************************************************

***************************************************************************************************************
TITLE == DisplayPadIsDevicePlug
TYPE == MESSAGE
TIME :17.07.2026 18:52:04
==> MESSAGE : True
==> STACK TRACE : 
***************************************************************************************************************

***************************************************************************************************************
TITLE == DisplayPadIsDevicePlug
TYPE == MESSAGE
TIME :17.07.2026 18:52:21
==> MESSAGE : True
==> STACK TRACE : 
***************************************************************************************************************

***************************************************************************************************************
TITLE == DisplayPadIsDevicePlug
TYPE == MESSAGE
TIME :17.07.2026 18:52:21
==> MESSAGE : True
==> STACK TRACE : 
***************************************************************************************************************

***************************************************************************************************************
TITLE == DisplayPadIsDevicePlug
TYPE == MESSAGE
TIME :17.07.2026 18:52:21
==> MESSAGE : True
==> STACK TRACE : 
***************************************************************************************************************

***************************************************************************************************************
TITLE == DisplayPadIsDevicePlug
TYPE == MESSAGE
TIME :17.07.2026 18:52:21
==> MESSAGE : True
==> STACK TRACE : 
***************************************************************************************************************

***************************************************************************************************************
TITLE == DisplayPadIsDevicePlug
TYPE == MESSAGE
TIME :17.07.2026 18:52:21
==> MESSAGE : True
==> STACK TRACE : 
***************************************************************************************************************

***************************************************************************************************************
TITLE == DisplayPadIsDevicePlug
TYPE == MESSAGE
TIME :17.07.2026 18:52:21
==> MESSAGE : True
==> STACK TRACE : 
***************************************************************************************************************

***************************************************************************************************************
TITLE == DisplayPadIsDevicePlug
TYPE == MESSAGE
TIME :17.07.2026 18:52:21
==> MESSAGE : True
==> STACK TRACE : 
***************************************************************************************************************

***************************************************************************************************************
TITLE == DisplayPadIsDevicePlug
TYPE == MESSAGE
TIME :17.07.2026 18:52:21
==> MESSAGE : True
==> STACK TRACE : 
***************************************************************************************************************

***************************************************************************************************************
TITLE == DisplayPadIsDevicePlug
TYPE == MESSAGE
TIME :17.07.2026 18:52:21
==> MESSAGE : True
==> STACK TRACE : 
***************************************************************************************************************

***************************************************************************************************************
TITLE == DisplayPadIsDevicePlug
TYPE == MESSAGE
TIME :17.07.2026 18:52:21
==> MESSAGE : True
==> STACK TRACE : 
***************************************************************************************************************

***************************************************************************************************************
TITLE == DisplayPadIsDevicePlug
TYPE == MESSAGE
TIME :17.07.2026 18:52:21
==> MESSAGE : True
==> STACK TRACE : 
***************************************************************************************************************

***************************************************************************************************************
TITLE == DisplayPadIsDevicePlug
TYPE == MESSAGE
TIME :17.07.2026 18:52:21
==> MESSAGE : True
==> STACK TRACE : 
***************************************************************************************************************

***************************************************************************************************************
TITLE == DisplayPadIsDevicePlug
TYPE == MESSAGE
TIME :17.07.2026 18:52:21
==> MESSAGE : True
==> STACK TRACE : 
***************************************************************************************************************

***************************************************************************************************************
TITLE == DisplayPadIsDevicePlug
TYPE == MESSAGE
TIME :17.07.2026 18:52:21
==> MESSAGE : True
==> STACK TRACE : 
***************************************************************************************************************

***************************************************************************************************************
TITLE == DisplayPadIsDevicePlug
TYPE == MESSAGE
TIME :17.07.2026 18:52:21
==> MESSAGE : True
==> STACK TRACE : 
***************************************************************************************************************

***************************************************************************************************************
TITLE == DisplayPadIsDevicePlug
TYPE == MESSAGE
TIME :17.07.2026 18:52:22
==> MESSAGE : True
==> STACK TRACE : 
***************************************************************************************************************

***************************************************************************************************************
TITLE == DisplayPadIsDevicePlug
TYPE == MESSAGE
TIME :17.07.2026 18:52:22
==> MESSAGE : True
==> STACK TRACE : 
***************************************************************************************************************

***************************************************************************************************************
TITLE == DisplayPadIsDevicePlug
TYPE == MESSAGE
TIME :17.07.2026 18:52:22
==> MESSAGE : True
==> STACK TRACE : 
***************************************************************************************************************

***************************************************************************************************************
TITLE == DisplayPadIsDevicePlug
TYPE == MESSAGE
TIME :17.07.2026 18:52:22
==> MESSAGE : True
==> STACK TRACE : 
***************************************************************************************************************

***************************************************************************************************************
TITLE == DisplayPadIsDevicePlug
TYPE == MESSAGE
TIME :17.07.2026 18:52:22
==> MESSAGE : True
==> STACK TRACE : 
***************************************************************************************************************

***************************************************************************************************************
TITLE == DisplayPadIsDevicePlug
TYPE == MESSAGE
TIME :17.07.2026 18:52:22
==> MESSAGE : True
==> STACK TRACE : 
***************************************************************************************************************

***************************************************************************************************************
TITLE == DisplayPadIsDevicePlug
TYPE == MESSAGE
TIME :17.07.2026 18:52:22
==> MESSAGE : True
==> STACK TRACE : 
***************************************************************************************************************

***************************************************************************************************************
TITLE == DisplayPadIsDevicePlug
TYPE == MESSAGE
TIME :17.07.2026 18:52:22
==> MESSAGE : True
==> STACK TRACE : 
***************************************************************************************************************

***************************************************************************************************************
TITLE == DisplayPadIsDevicePlug
TYPE == MESSAGE
TIME :17.07.2026 18:52:22
==> MESSAGE : True
==> STACK TRACE : 
***************************************************************************************************************

***************************************************************************************************************
TITLE == DisplayPadIsDevicePlug
TYPE == MESSAGE
TIME :17.07.2026 18:52:22
==> MESSAGE : True
==> STACK TRACE : 
***************************************************************************************************************

***************************************************************************************************************
TITLE == DisplayPadIsDevicePlug
TYPE == MESSAGE
TIME :17.07.2026 18:52:22
==> MESSAGE : True
==> STACK TRACE : 
***************************************************************************************************************

***************************************************************************************************************
TITLE == DisplayPadIsDevicePlug
TYPE == MESSAGE
TIME :17.07.2026 18:52:22
==> MESSAGE : True
==> STACK TRACE : 
***************************************************************************************************************

***************************************************************************************************************
TITLE == DisplayPadIsDevicePlug
TYPE == MESSAGE
TIME :17.07.2026 18:52:22
==> MESSAGE : True
==> STACK TRACE : 
***************************************************************************************************************

***************************************************************************************************************
TITLE == DisplayPadIsDevicePlug
TYPE == MESSAGE
TIME :17.07.2026 18:52:22
==> MESSAGE : True
==> STACK TRACE : 
***************************************************************************************************************

***************************************************************************************************************
TITLE == DisplayPadIsDevicePlug
TYPE == MESSAGE
TIME :17.07.2026 18:52:22
==> MESSAGE : True
==> STACK TRACE : 
***************************************************************************************************************

***************************************************************************************************************
TITLE == DisplayPadIsDevicePlug
TYPE == MESSAGE
TIME :17.07.2026 18:52:22
==> MESSAGE : True
==> STACK TRACE : 
***************************************************************************************************************

***************************************************************************************************************
TITLE == DisplayPadIsDevicePlug
TYPE == MESSAGE
TIME :17.07.2026 18:52:22
==> MESSAGE : True
==> STACK TRACE : 
***************************************************************************************************************

***************************************************************************************************************
TITLE == DisplayPadIsDevicePlug
TYPE == MESSAGE
TIME :17.07.2026 18:52:22
==> MESSAGE : True
==> STACK TRACE : 
***************************************************************************************************************

***************************************************************************************************************
TITLE == DisplayPadIsDevicePlug
TYPE == MESSAGE
TIME :17.07.2026 18:52:22
==> MESSAGE : True
==> STACK TRACE : 
***************************************************************************************************************

***************************************************************************************************************
TITLE == DisplayPadIsDevicePlug
TYPE == MESSAGE
TIME :17.07.2026 18:52:22
==> MESSAGE : True
==> STACK TRACE : 
***************************************************************************************************************

***************************************************************************************************************
TITLE == DisplayPadIsDevicePlug
TYPE == MESSAGE
TIME :17.07.2026 18:52:22
==> MESSAGE : True
==> STACK TRACE : 
***************************************************************************************************************

***************************************************************************************************************
TITLE == DisplayPadIsDevicePlug
TYPE == MESSAGE
TIME :17.07.2026 18:52:22
==> MESSAGE : True
==> STACK TRACE : 
***************************************************************************************************************

***************************************************************************************************************
TITLE == DisplayPadIsDevicePlug
TYPE == MESSAGE
TIME :17.07.2026 18:52:22
==> MESSAGE : True
==> STACK TRACE : 
***************************************************************************************************************

***************************************************************************************************************
TITLE == DisplayPadIsDevicePlug
TYPE == MESSAGE
TIME :17.07.2026 18:52:22
==> MESSAGE : True
==> STACK TRACE : 
***************************************************************************************************************

***************************************************************************************************************
TITLE == DisplayPadIsDevicePlug
TYPE == MESSAGE
TIME :17.07.2026 18:52:23
==> MESSAGE : True
==> STACK TRACE : 
***************************************************************************************************************

***************************************************************************************************************
TITLE == DisplayPadIsDevicePlug
TYPE == MESSAGE
TIME :17.07.2026 18:52:23
==> MESSAGE : True
==> STACK TRACE : 
***************************************************************************************************************

***************************************************************************************************************
TITLE == DisplayPadIsDevicePlug
TYPE == MESSAGE
TIME :17.07.2026 18:52:23
==> MESSAGE : True
==> STACK TRACE : 
***************************************************************************************************************

***************************************************************************************************************
TITLE == DisplayPadIsDevicePlug
TYPE == MESSAGE
TIME :17.07.2026 18:52:23
==> MESSAGE : True
==> STACK TRACE : 
***************************************************************************************************************

***************************************************************************************************************
TITLE == DisplayPadIsDevicePlug
TYPE == MESSAGE
TIME :17.07.2026 18:52:23
==> MESSAGE : True
==> STACK TRACE : 
***************************************************************************************************************

***************************************************************************************************************
TITLE == DisplayPadIsDevicePlug
TYPE == MESSAGE
TIME :17.07.2026 18:52:23
==> MESSAGE : True
==> STACK TRACE : 
***************************************************************************************************************

***************************************************************************************************************
TITLE == DisplayPadIsDevicePlug
TYPE == MESSAGE
TIME :17.07.2026 18:52:23
==> MESSAGE : True
==> STACK TRACE : 
***************************************************************************************************************

***************************************************************************************************************
TITLE == DisplayPadIsDevicePlug
TYPE == MESSAGE
TIME :17.07.2026 18:52:23
==> MESSAGE : True
==> STACK TRACE : 
***************************************************************************************************************

***************************************************************************************************************
TITLE == DisplayPadIsDevicePlug
TYPE == MESSAGE
TIME :17.07.2026 18:52:23
==> MESSAGE : True
==> STACK TRACE : 
***************************************************************************************************************

***************************************************************************************************************
TITLE == DisplayPadIsDevicePlug
TYPE == MESSAGE
TIME :17.07.2026 18:52:23
==> MESSAGE : True
==> STACK TRACE : 
***************************************************************************************************************

***************************************************************************************************************
TITLE == DisplayPadIsDevicePlug
TYPE == MESSAGE
TIME :17.07.2026 18:52:23
==> MESSAGE : True
==> STACK TRACE : 
***************************************************************************************************************

***************************************************************************************************************
TITLE == DisplayPadIsDevicePlug
TYPE == MESSAGE
TIME :17.07.2026 18:52:23
==> MESSAGE : True
==> STACK TRACE : 
***************************************************************************************************************

***************************************************************************************************************
TITLE == DisplayPadIsDevicePlug
TYPE == MESSAGE
TIME :17.07.2026 18:52:23
==> MESSAGE : True
==> STACK TRACE : 
***************************************************************************************************************

***************************************************************************************************************
TYPE == MESSAGE
TIME :17.07.2026 19:02:25
==> MESSAGE : Display pad Message Pump Thread Started: True
==> STACK TRACE : 
***************************************************************************************************************

***************************************************************************************************************
TITLE == DisplayPadIsDevicePlug
TYPE == MESSAGE
TIME :17.07.2026 19:02:25
==> MESSAGE : True
==> STACK TRACE : 
***************************************************************************************************************

***************************************************************************************************************
TITLE == DisplayPadIsDevicePlug
TYPE == MESSAGE
TIME :17.07.2026 19:02:25
==> MESSAGE : True
==> STACK TRACE : 
***************************************************************************************************************

***************************************************************************************************************
TITLE == DisplayPadAPEnable
TYPE == MESSAGE
TIME :17.07.2026 19:02:25
==> MESSAGE : True
==> STACK TRACE : 
***************************************************************************************************************

***************************************************************************************************************
TITLE == DisplayPadIsDevicePlug
TYPE == MESSAGE
TIME :17.07.2026 19:02:25
==> MESSAGE : True
==> STACK TRACE : 
***************************************************************************************************************

***************************************************************************************************************
TITLE == DisplayPadIsDevicePlug
TYPE == MESSAGE
TIME :17.07.2026 19:02:25
==> MESSAGE : True
==> STACK TRACE : 
***************************************************************************************************************

***************************************************************************************************************
TITLE == DisplayPadAPEnable
TYPE == MESSAGE
TIME :17.07.2026 19:02:25
==> MESSAGE : True
==> STACK TRACE : 
***************************************************************************************************************

***************************************************************************************************************
TITLE == DisplayPadAPEnable
TYPE == MESSAGE
TIME :17.07.2026 19:02:25
==> MESSAGE : True
==> STACK TRACE : 
***************************************************************************************************************

***************************************************************************************************************
TYPE == MESSAGE
TIME :17.07.2026 19:02:53
==> MESSAGE : Display pad Message Pump Thread Started: True
==> STACK TRACE : 
***************************************************************************************************************

***************************************************************************************************************
TITLE == DisplayPadIsDevicePlug
TYPE == MESSAGE
TIME :17.07.2026 19:02:53
==> MESSAGE : True
==> STACK TRACE : 
***************************************************************************************************************

***************************************************************************************************************
TITLE == DisplayPadIsDevicePlug
TYPE == MESSAGE
TIME :17.07.2026 19:02:53
==> MESSAGE : True
==> STACK TRACE : 
***************************************************************************************************************

***************************************************************************************************************
TITLE == DisplayPadAPEnable
TYPE == MESSAGE
TIME :17.07.2026 19:02:53
==> MESSAGE : True
==> STACK TRACE : 
***************************************************************************************************************

***************************************************************************************************************
TITLE == DisplayPadIsDevicePlug
TYPE == MESSAGE
TIME :17.07.2026 19:02:53
==> MESSAGE : True
==> STACK TRACE : 
***************************************************************************************************************

***************************************************************************************************************
TITLE == DisplayPadIsDevicePlug
TYPE == MESSAGE
TIME :17.07.2026 19:02:53
==> MESSAGE : True
==> STACK TRACE : 
***************************************************************************************************************

***************************************************************************************************************
TITLE == DisplayPadAPEnable
TYPE == MESSAGE
TIME :17.07.2026 19:02:53
==> MESSAGE : True
==> STACK TRACE : 
***************************************************************************************************************

***************************************************************************************************************
TITLE == DisplayPadAPEnable
TYPE == MESSAGE
TIME :17.07.2026 19:02:53
==> MESSAGE : True
==> STACK TRACE : 
***************************************************************************************************************

***************************************************************************************************************
TYPE == MESSAGE
TIME :17.07.2026 19:55:27
==> MESSAGE : Display pad Message Pump Thread Started: True
==> STACK TRACE : 
***************************************************************************************************************

***************************************************************************************************************
TITLE == DisplayPadIsDevicePlug
TYPE == MESSAGE
TIME :17.07.2026 19:55:27
==> MESSAGE : True
==> STACK TRACE : 
***************************************************************************************************************

***************************************************************************************************************
TITLE == DisplayPadIsDevicePlug
TYPE == MESSAGE
TIME :17.07.2026 19:55:27
==> MESSAGE : True
==> STACK TRACE : 
***************************************************************************************************************

***************************************************************************************************************
TITLE == DisplayPadAPEnable
TYPE == MESSAGE
TIME :17.07.2026 19:55:27
==> MESSAGE : True
==> STACK TRACE : 
***************************************************************************************************************

***************************************************************************************************************
TITLE == DisplayPadIsDevicePlug
TYPE == MESSAGE
TIME :17.07.2026 19:55:27
==> MESSAGE : True
==> STACK TRACE : 
***************************************************************************************************************

***************************************************************************************************************
TITLE == DisplayPadIsDevicePlug
TYPE == MESSAGE
TIME :17.07.2026 19:55:27
==> MESSAGE : True
==> STACK TRACE : 
***************************************************************************************************************

***************************************************************************************************************
TITLE == DisplayPadAPEnable
TYPE == MESSAGE
TIME :17.07.2026 19:55:27
==> MESSAGE : True
==> STACK TRACE : 
***************************************************************************************************************

***************************************************************************************************************
TITLE == DisplayPadAPEnable
TYPE == MESSAGE
TIME :17.07.2026 19:55:27
==> MESSAGE : True
==> STACK TRACE : 
***************************************************************************************************************

***************************************************************************************************************
TITLE == DisplayPadIsDevicePlug
TYPE == MESSAGE
TIME :17.07.2026 19:56:47
==> MESSAGE : True
==> STACK TRACE : 
***************************************************************************************************************

***************************************************************************************************************
TITLE == DisplayPadIsDevicePlug
TYPE == MESSAGE
TIME :17.07.2026 19:56:47
==> MESSAGE : True
==> STACK TRACE : 
***************************************************************************************************************

***************************************************************************************************************
TITLE == DisplayPadIsDevicePlug
TYPE == MESSAGE
TIME :17.07.2026 19:56:47
==> MESSAGE : True
==> STACK TRACE : 
***************************************************************************************************************

***************************************************************************************************************
TITLE == DisplayPadIsDevicePlug
TYPE == MESSAGE
TIME :17.07.2026 19:56:47
==> MESSAGE : True
==> STACK TRACE : 
***************************************************************************************************************

***************************************************************************************************************
TITLE == DisplayPadIsDevicePlug
TYPE == MESSAGE
TIME :17.07.2026 19:56:47
==> MESSAGE : True
==> STACK TRACE : 
***************************************************************************************************************

***************************************************************************************************************
TITLE == DisplayPadIsDevicePlug
TYPE == MESSAGE
TIME :17.07.2026 19:56:47
==> MESSAGE : True
==> STACK TRACE : 
***************************************************************************************************************

***************************************************************************************************************
TITLE == DisplayPadIsDevicePlug
TYPE == MESSAGE
TIME :17.07.2026 19:56:47
==> MESSAGE : True
==> STACK TRACE : 
***************************************************************************************************************

***************************************************************************************************************
TITLE == DisplayPadIsDevicePlug
TYPE == MESSAGE
TIME :17.07.2026 19:56:48
==> MESSAGE : True
==> STACK TRACE : 
***************************************************************************************************************

***************************************************************************************************************
TITLE == DisplayPadIsDevicePlug
TYPE == MESSAGE
TIME :17.07.2026 19:56:48
==> MESSAGE : True
==> STACK TRACE : 
***************************************************************************************************************

***************************************************************************************************************
TITLE == DisplayPadIsDevicePlug
TYPE == MESSAGE
TIME :17.07.2026 19:56:48
==> MESSAGE : True
==> STACK TRACE : 
***************************************************************************************************************

***************************************************************************************************************
TITLE == DisplayPadIsDevicePlug
TYPE == MESSAGE
TIME :17.07.2026 19:56:48
==> MESSAGE : True
==> STACK TRACE : 
***************************************************************************************************************

***************************************************************************************************************
TITLE == DisplayPadIsDevicePlug
TYPE == MESSAGE
TIME :17.07.2026 19:56:48
==> MESSAGE : True
==> STACK TRACE : 
***************************************************************************************************************

***************************************************************************************************************
TITLE == DisplayPadIsDevicePlug
TYPE == MESSAGE
TIME :17.07.2026 19:56:48
==> MESSAGE : True
==> STACK TRACE : 
***************************************************************************************************************

***************************************************************************************************************
TITLE == DisplayPadIsDevicePlug
TYPE == MESSAGE
TIME :17.07.2026 19:56:55
==> MESSAGE : True
==> STACK TRACE : 
***************************************************************************************************************

***************************************************************************************************************
TITLE == DisplayPadIsDevicePlug
TYPE == MESSAGE
TIME :17.07.2026 19:56:55
==> MESSAGE : True
==> STACK TRACE : 
***************************************************************************************************************

***************************************************************************************************************
TITLE == DisplayPadIsDevicePlug
TYPE == MESSAGE
TIME :17.07.2026 19:56:55
==> MESSAGE : True
==> STACK TRACE : 
***************************************************************************************************************

***************************************************************************************************************
TITLE == DisplayPadIsDevicePlug
TYPE == MESSAGE
TIME :17.07.2026 19:56:55
==> MESSAGE : True
==> STACK TRACE : 
***************************************************************************************************************

***************************************************************************************************************
TITLE == DisplayPadIsDevicePlug
TYPE == MESSAGE
TIME :17.07.2026 19:56:55
==> MESSAGE : True
==> STACK TRACE : 
***************************************************************************************************************

***************************************************************************************************************
TITLE == DisplayPadIsDevicePlug
TYPE == MESSAGE
TIME :17.07.2026 19:56:55
==> MESSAGE : True
==> STACK TRACE : 
***************************************************************************************************************

***************************************************************************************************************
TITLE == DisplayPadIsDevicePlug
TYPE == MESSAGE
TIME :17.07.2026 19:56:55
==> MESSAGE : True
==> STACK TRACE : 
***************************************************************************************************************

***************************************************************************************************************
TITLE == DisplayPadIsDevicePlug
TYPE == MESSAGE
TIME :17.07.2026 19:56:55
==> MESSAGE : True
==> STACK TRACE : 
***************************************************************************************************************

***************************************************************************************************************
TITLE == DisplayPadIsDevicePlug
TYPE == MESSAGE
TIME :17.07.2026 19:56:55
==> MESSAGE : True
==> STACK TRACE : 
***************************************************************************************************************

***************************************************************************************************************
TITLE == DisplayPadIsDevicePlug
TYPE == MESSAGE
TIME :17.07.2026 19:56:55
==> MESSAGE : True
==> STACK TRACE : 
***************************************************************************************************************

***************************************************************************************************************
TITLE == DisplayPadIsDevicePlug
TYPE == MESSAGE
TIME :17.07.2026 19:56:56
==> MESSAGE : True
==> STACK TRACE : 
***************************************************************************************************************

***************************************************************************************************************
TITLE == DisplayPadIsDevicePlug
TYPE == MESSAGE
TIME :17.07.2026 19:56:56
==> MESSAGE : True
==> STACK TRACE : 
***************************************************************************************************************

***************************************************************************************************************
TITLE == DisplayPadIsDevicePlug
TYPE == MESSAGE
TIME :17.07.2026 19:56:56
==> MESSAGE : True
==> STACK TRACE : 
***************************************************************************************************************

***************************************************************************************************************
TITLE == DisplayPadIsDevicePlug
TYPE == MESSAGE
TIME :17.07.2026 19:57:52
==> MESSAGE : True
==> STACK TRACE : 
***************************************************************************************************************

***************************************************************************************************************
TITLE == DisplayPadIsDevicePlug
TYPE == MESSAGE
TIME :17.07.2026 19:57:52
==> MESSAGE : True
==> STACK TRACE : 
***************************************************************************************************************

***************************************************************************************************************
TITLE == DisplayPadIsDevicePlug
TYPE == MESSAGE
TIME :17.07.2026 19:57:52
==> MESSAGE : True
==> STACK TRACE : 
***************************************************************************************************************

***************************************************************************************************************
TITLE == DisplayPadIsDevicePlug
TYPE == MESSAGE
TIME :17.07.2026 19:57:52
==> MESSAGE : True
==> STACK TRACE : 
***************************************************************************************************************

***************************************************************************************************************
TITLE == DisplayPadIsDevicePlug
TYPE == MESSAGE
TIME :17.07.2026 19:57:52
==> MESSAGE : True
==> STACK TRACE : 
***************************************************************************************************************

***************************************************************************************************************
TITLE == DisplayPadIsDevicePlug
TYPE == MESSAGE
TIME :17.07.2026 19:57:52
==> MESSAGE : True
==> STACK TRACE : 
***************************************************************************************************************

***************************************************************************************************************
TITLE == DisplayPadIsDevicePlug
TYPE == MESSAGE
TIME :17.07.2026 19:57:52
==> MESSAGE : True
==> STACK TRACE : 
***************************************************************************************************************

***************************************************************************************************************
TITLE == DisplayPadIsDevicePlug
TYPE == MESSAGE
TIME :17.07.2026 19:57:52
==> MESSAGE : True
==> STACK TRACE : 
***************************************************************************************************************

***************************************************************************************************************
TITLE == DisplayPadIsDevicePlug
TYPE == MESSAGE
TIME :17.07.2026 19:57:52
==> MESSAGE : True
==> STACK TRACE : 
***************************************************************************************************************

***************************************************************************************************************
TITLE == DisplayPadIsDevicePlug
TYPE == MESSAGE
TIME :17.07.2026 19:57:52
==> MESSAGE : True
==> STACK TRACE : 
***************************************************************************************************************

***************************************************************************************************************
TITLE == DisplayPadIsDevicePlug
TYPE == MESSAGE
TIME :17.07.2026 19:57:52
==> MESSAGE : True
==> STACK TRACE : 
***************************************************************************************************************

***************************************************************************************************************
TITLE == DisplayPadIsDevicePlug
TYPE == MESSAGE
TIME :17.07.2026 19:57:52
==> MESSAGE : True
==> STACK TRACE : 
***************************************************************************************************************

***************************************************************************************************************
TITLE == DisplayPadIsDevicePlug
TYPE == MESSAGE
TIME :17.07.2026 19:57:52
==> MESSAGE : True
==> STACK TRACE : 
***************************************************************************************************************

***************************************************************************************************************
TITLE == DisplayPadIsDevicePlug
TYPE == MESSAGE
TIME :17.07.2026 19:57:53
==> MESSAGE : True
==> STACK TRACE : 
***************************************************************************************************************

***************************************************************************************************************
TITLE == DisplayPadIsDevicePlug
TYPE == MESSAGE
TIME :17.07.2026 19:57:53
==> MESSAGE : True
==> STACK TRACE : 
***************************************************************************************************************

***************************************************************************************************************
TITLE == DisplayPadIsDevicePlug
TYPE == MESSAGE
TIME :17.07.2026 19:57:53
==> MESSAGE : True
==> STACK TRACE : 
***************************************************************************************************************

***************************************************************************************************************
TITLE == DisplayPadIsDevicePlug
TYPE == MESSAGE
TIME :17.07.2026 19:57:53
==> MESSAGE : True
==> STACK TRACE : 
***************************************************************************************************************

***************************************************************************************************************
TITLE == DisplayPadIsDevicePlug
TYPE == MESSAGE
TIME :17.07.2026 19:57:53
==> MESSAGE : True
==> STACK TRACE : 
***************************************************************************************************************

***************************************************************************************************************
TITLE == DisplayPadIsDevicePlug
TYPE == MESSAGE
TIME :17.07.2026 19:57:53
==> MESSAGE : True
==> STACK TRACE : 
***************************************************************************************************************

***************************************************************************************************************
TITLE == DisplayPadIsDevicePlug
TYPE == MESSAGE
TIME :17.07.2026 19:57:53
==> MESSAGE : True
==> STACK TRACE : 
***************************************************************************************************************

***************************************************************************************************************
TITLE == DisplayPadIsDevicePlug
TYPE == MESSAGE
TIME :17.07.2026 19:57:53
==> MESSAGE : True
==> STACK TRACE : 
***************************************************************************************************************

***************************************************************************************************************
TITLE == DisplayPadIsDevicePlug
TYPE == MESSAGE
TIME :17.07.2026 19:57:53
==> MESSAGE : True
==> STACK TRACE : 
***************************************************************************************************************

***************************************************************************************************************
TITLE == DisplayPadIsDevicePlug
TYPE == MESSAGE
TIME :17.07.2026 19:57:53
==> MESSAGE : True
==> STACK TRACE : 
***************************************************************************************************************

***************************************************************************************************************
TITLE == DisplayPadIsDevicePlug
TYPE == MESSAGE
TIME :17.07.2026 19:57:53
==> MESSAGE : True
==> STACK TRACE : 
***************************************************************************************************************

***************************************************************************************************************
TITLE == DisplayPadIsDevicePlug
TYPE == MESSAGE
TIME :17.07.2026 19:57:54
==> MESSAGE : True
==> STACK TRACE : 
***************************************************************************************************************

***************************************************************************************************************
TITLE == DisplayPadIsDevicePlug
TYPE == MESSAGE
TIME :17.07.2026 19:57:54
==> MESSAGE : True
==> STACK TRACE : 
***************************************************************************************************************

***************************************************************************************************************
TITLE == KeyCallBack
TYPE == ERROR
TIME :17.07.2026 20:56:54
==> MESSAGE : Object reference not set to an instance of an object.
==> STACK TRACE : at DisplayPad.Host.ViewModels.MainViewModel.RunOnUi(Action action) in D:\GDrive\Projekte und Programme\Projekte\DisplayPad Software\src\DisplayPad.Host\ViewModels\MainViewModel.cs:line 205
   at DisplayPad.Host.ViewModels.MainViewModel.<.ctor>b__27_1(Int32 matrix) in D:\GDrive\Projekte und Programme\Projekte\DisplayPad Software\src\DisplayPad.Host\ViewModels\MainViewModel.cs:line 95
   at DisplayPad.Host.Services.DeviceService.OnKey(Int32 keyMatrix, Int32 pressed, Int32 deviceId) in D:\GDrive\Projekte und Programme\Projekte\DisplayPad Software\src\DisplayPad.Host\Services\DeviceService.cs:line 57
   at DisplayPad.SDK.DisplayPadHelper.KeyCallback(Int32 KeyMatrix, Int32 iPressed, Int32 DeviceID)
   at DisplayPad.SDK.Helper.DisplayPadMessagePumpManager.CallBack(UInt16 wMatrix, Boolean bPressed, UInt32 ID)
***************************************************************************************************************

***************************************************************************************************************
TITLE == KeyCallBack
TYPE == ERROR
TIME :17.07.2026 20:56:56
==> MESSAGE : Object reference not set to an instance of an object.
==> STACK TRACE : at DisplayPad.Host.ViewModels.MainViewModel.RunOnUi(Action action) in D:\GDrive\Projekte und Programme\Projekte\DisplayPad Software\src\DisplayPad.Host\ViewModels\MainViewModel.cs:line 205
   at DisplayPad.Host.ViewModels.MainViewModel.<.ctor>b__27_1(Int32 matrix) in D:\GDrive\Projekte und Programme\Projekte\DisplayPad Software\src\DisplayPad.Host\ViewModels\MainViewModel.cs:line 95
   at DisplayPad.Host.Services.DeviceService.OnKey(Int32 keyMatrix, Int32 pressed, Int32 deviceId) in D:\GDrive\Projekte und Programme\Projekte\DisplayPad Software\src\DisplayPad.Host\Services\DeviceService.cs:line 57
   at DisplayPad.SDK.DisplayPadHelper.KeyCallback(Int32 KeyMatrix, Int32 iPressed, Int32 DeviceID)
   at DisplayPad.SDK.Helper.DisplayPadMessagePumpManager.CallBack(UInt16 wMatrix, Boolean bPressed, UInt32 ID)
***************************************************************************************************************

***************************************************************************************************************
TITLE == KeyCallBack
TYPE == ERROR
TIME :17.07.2026 20:56:57
==> MESSAGE : Object reference not set to an instance of an object.
==> STACK TRACE : at DisplayPad.Host.ViewModels.MainViewModel.RunOnUi(Action action) in D:\GDrive\Projekte und Programme\Projekte\DisplayPad Software\src\DisplayPad.Host\ViewModels\MainViewModel.cs:line 205
   at DisplayPad.Host.ViewModels.MainViewModel.<.ctor>b__27_1(Int32 matrix) in D:\GDrive\Projekte und Programme\Projekte\DisplayPad Software\src\DisplayPad.Host\ViewModels\MainViewModel.cs:line 95
   at DisplayPad.Host.Services.DeviceService.OnKey(Int32 keyMatrix, Int32 pressed, Int32 deviceId) in D:\GDrive\Projekte und Programme\Projekte\DisplayPad Software\src\DisplayPad.Host\Services\DeviceService.cs:line 57
   at DisplayPad.SDK.DisplayPadHelper.KeyCallback(Int32 KeyMatrix, Int32 iPressed, Int32 DeviceID)
   at DisplayPad.SDK.Helper.DisplayPadMessagePumpManager.CallBack(UInt16 wMatrix, Boolean bPressed, UInt32 ID)
***************************************************************************************************************

***************************************************************************************************************
TITLE == KeyCallBack
TYPE == ERROR
TIME :17.07.2026 20:57:00
==> MESSAGE : Object reference not set to an instance of an object.
==> STACK TRACE : at DisplayPad.Host.ViewModels.MainViewModel.RunOnUi(Action action) in D:\GDrive\Projekte und Programme\Projekte\DisplayPad Software\src\DisplayPad.Host\ViewModels\MainViewModel.cs:line 205
   at DisplayPad.Host.ViewModels.MainViewModel.<.ctor>b__27_1(Int32 matrix) in D:\GDrive\Projekte und Programme\Projekte\DisplayPad Software\src\DisplayPad.Host\ViewModels\MainViewModel.cs:line 95
   at DisplayPad.Host.Services.DeviceService.OnKey(Int32 keyMatrix, Int32 pressed, Int32 deviceId) in D:\GDrive\Projekte und Programme\Projekte\DisplayPad Software\src\DisplayPad.Host\Services\DeviceService.cs:line 57
   at DisplayPad.SDK.DisplayPadHelper.KeyCallback(Int32 KeyMatrix, Int32 iPressed, Int32 DeviceID)
   at DisplayPad.SDK.Helper.DisplayPadMessagePumpManager.CallBack(UInt16 wMatrix, Boolean bPressed, UInt32 ID)
***************************************************************************************************************

***************************************************************************************************************
TYPE == MESSAGE
TIME :17.07.2026 21:03:52
==> MESSAGE : Display pad Message Pump Thread Started: True
==> STACK TRACE : 
***************************************************************************************************************

***************************************************************************************************************
TITLE == DisplayPadIsDevicePlug
TYPE == MESSAGE
TIME :17.07.2026 21:03:52
==> MESSAGE : True
==> STACK TRACE : 
***************************************************************************************************************

***************************************************************************************************************
TITLE == DisplayPadIsDevicePlug
TYPE == MESSAGE
TIME :17.07.2026 21:03:52
==> MESSAGE : True
==> STACK TRACE : 
***************************************************************************************************************

***************************************************************************************************************
TITLE == DisplayPadAPEnable
TYPE == MESSAGE
TIME :17.07.2026 21:03:52
==> MESSAGE : True
==> STACK TRACE : 
***************************************************************************************************************

***************************************************************************************************************
TITLE == DisplayPadIsDevicePlug
TYPE == MESSAGE
TIME :17.07.2026 21:03:52
==> MESSAGE : True
==> STACK TRACE : 
***************************************************************************************************************

***************************************************************************************************************
TITLE == DisplayPadIsDevicePlug
TYPE == MESSAGE
TIME :17.07.2026 21:03:52
==> MESSAGE : True
==> STACK TRACE : 
***************************************************************************************************************

***************************************************************************************************************
TITLE == DisplayPadAPEnable
TYPE == MESSAGE
TIME :17.07.2026 21:03:52
==> MESSAGE : True
==> STACK TRACE : 
***************************************************************************************************************

***************************************************************************************************************
TITLE == DisplayPadAPEnable
TYPE == MESSAGE
TIME :17.07.2026 21:03:52
==> MESSAGE : True
==> STACK TRACE : 
***************************************************************************************************************

***************************************************************************************************************
TITLE == DisplayPadIsDevicePlug
TYPE == MESSAGE
TIME :17.07.2026 21:04:42
==> MESSAGE : True
==> STACK TRACE : 
***************************************************************************************************************

***************************************************************************************************************
TITLE == DisplayPadResetKeys
TYPE == MESSAGE
TIME :17.07.2026 21:04:42
==> MESSAGE : False
==> STACK TRACE : 
***************************************************************************************************************

***************************************************************************************************************
TITLE == DisplayPadResetPicture
TYPE == MESSAGE
TIME :17.07.2026 21:04:42
==> MESSAGE : False
==> STACK TRACE : 
***************************************************************************************************************

***************************************************************************************************************
TITLE == DisplayPadIsDevicePlug
TYPE == MESSAGE
TIME :17.07.2026 21:04:49
==> MESSAGE : True
==> STACK TRACE : 
***************************************************************************************************************

***************************************************************************************************************
TITLE == DisplayPadIsDevicePlug
TYPE == MESSAGE
TIME :17.07.2026 21:04:49
==> MESSAGE : True
==> STACK TRACE : 
***************************************************************************************************************

***************************************************************************************************************
TITLE == DisplayPadIsDevicePlug
TYPE == MESSAGE
TIME :17.07.2026 21:04:49
==> MESSAGE : True
==> STACK TRACE : 
***************************************************************************************************************

***************************************************************************************************************
TITLE == DisplayPadIsDevicePlug
TYPE == MESSAGE
TIME :17.07.2026 21:04:49
==> MESSAGE : True
==> STACK TRACE : 
***************************************************************************************************************

***************************************************************************************************************
TITLE == DisplayPadIsDevicePlug
TYPE == MESSAGE
TIME :17.07.2026 21:04:49
==> MESSAGE : True
==> STACK TRACE : 
***************************************************************************************************************

***************************************************************************************************************
TITLE == DisplayPadIsDevicePlug
TYPE == MESSAGE
TIME :17.07.2026 21:04:49
==> MESSAGE : True
==> STACK TRACE : 
***************************************************************************************************************

***************************************************************************************************************
TITLE == DisplayPadIsDevicePlug
TYPE == MESSAGE
TIME :17.07.2026 21:04:49
==> MESSAGE : True
==> STACK TRACE : 
***************************************************************************************************************

***************************************************************************************************************
TITLE == DisplayPadIsDevicePlug
TYPE == MESSAGE
TIME :17.07.2026 21:04:49
==> MESSAGE : True
==> STACK TRACE : 
***************************************************************************************************************

***************************************************************************************************************
TITLE == DisplayPadIsDevicePlug
TYPE == MESSAGE
TIME :17.07.2026 21:04:49
==> MESSAGE : True
==> STACK TRACE : 
***************************************************************************************************************

***************************************************************************************************************
TITLE == DisplayPadIsDevicePlug
TYPE == MESSAGE
TIME :17.07.2026 21:04:49
==> MESSAGE : True
==> STACK TRACE : 
***************************************************************************************************************

***************************************************************************************************************
TITLE == DisplayPadIsDevicePlug
TYPE == MESSAGE
TIME :17.07.2026 21:04:49
==> MESSAGE : True
==> STACK TRACE : 
***************************************************************************************************************

***************************************************************************************************************
TITLE == DisplayPadIsDevicePlug
TYPE == MESSAGE
TIME :17.07.2026 21:04:49
==> MESSAGE : True
==> STACK TRACE : 
***************************************************************************************************************

***************************************************************************************************************
TITLE == DisplayPadIsDevicePlug
TYPE == MESSAGE
TIME :17.07.2026 21:04:49
==> MESSAGE : True
==> STACK TRACE : 
***************************************************************************************************************

***************************************************************************************************************
TITLE == DisplayPadIsDevicePlug
TYPE == MESSAGE
TIME :17.07.2026 21:04:59
==> MESSAGE : True
==> STACK TRACE : 
***************************************************************************************************************

***************************************************************************************************************
TITLE == DisplayPadIsDevicePlug
TYPE == MESSAGE
TIME :17.07.2026 21:04:59
==> MESSAGE : True
==> STACK TRACE : 
***************************************************************************************************************

***************************************************************************************************************
TITLE == DisplayPadIsDevicePlug
TYPE == MESSAGE
TIME :17.07.2026 21:04:59
==> MESSAGE : True
==> STACK TRACE : 
***************************************************************************************************************

***************************************************************************************************************
TITLE == DisplayPadIsDevicePlug
TYPE == MESSAGE
TIME :17.07.2026 21:04:59
==> MESSAGE : True
==> STACK TRACE : 
***************************************************************************************************************

***************************************************************************************************************
TITLE == DisplayPadIsDevicePlug
TYPE == MESSAGE
TIME :17.07.2026 21:04:59
==> MESSAGE : True
==> STACK TRACE : 
***************************************************************************************************************

***************************************************************************************************************
TITLE == DisplayPadIsDevicePlug
TYPE == MESSAGE
TIME :17.07.2026 21:04:59
==> MESSAGE : True
==> STACK TRACE : 
***************************************************************************************************************

***************************************************************************************************************
TITLE == DisplayPadIsDevicePlug
TYPE == MESSAGE
TIME :17.07.2026 21:04:59
==> MESSAGE : True
==> STACK TRACE : 
***************************************************************************************************************

***************************************************************************************************************
TITLE == DisplayPadIsDevicePlug
TYPE == MESSAGE
TIME :17.07.2026 21:04:59
==> MESSAGE : True
==> STACK TRACE : 
***************************************************************************************************************

***************************************************************************************************************
TITLE == DisplayPadIsDevicePlug
TYPE == MESSAGE
TIME :17.07.2026 21:04:59
==> MESSAGE : True
==> STACK TRACE : 
***************************************************************************************************************

***************************************************************************************************************
TITLE == DisplayPadIsDevicePlug
TYPE == MESSAGE
TIME :17.07.2026 21:04:59
==> MESSAGE : True
==> STACK TRACE : 
***************************************************************************************************************

***************************************************************************************************************
TITLE == DisplayPadIsDevicePlug
TYPE == MESSAGE
TIME :17.07.2026 21:04:59
==> MESSAGE : True
==> STACK TRACE : 
***************************************************************************************************************

***************************************************************************************************************
TITLE == DisplayPadIsDevicePlug
TYPE == MESSAGE
TIME :17.07.2026 21:04:59
==> MESSAGE : True
==> STACK TRACE : 
***************************************************************************************************************

***************************************************************************************************************
TITLE == DisplayPadIsDevicePlug
TYPE == MESSAGE
TIME :17.07.2026 21:04:59
==> MESSAGE : True
==> STACK TRACE : 
***************************************************************************************************************

***************************************************************************************************************
TITLE == DisplayPadIsDevicePlug
TYPE == MESSAGE
TIME :17.07.2026 21:05:00
==> MESSAGE : True
==> STACK TRACE : 
***************************************************************************************************************

***************************************************************************************************************
TITLE == DisplayPadIsDevicePlug
TYPE == MESSAGE
TIME :17.07.2026 21:05:01
==> MESSAGE : True
==> STACK TRACE : 
***************************************************************************************************************

***************************************************************************************************************
TITLE == DisplayPadIsDevicePlug
TYPE == MESSAGE
TIME :17.07.2026 21:05:01
==> MESSAGE : True
==> STACK TRACE : 
***************************************************************************************************************

***************************************************************************************************************
TITLE == DisplayPadIsDevicePlug
TYPE == MESSAGE
TIME :17.07.2026 21:05:01
==> MESSAGE : True
==> STACK TRACE : 
***************************************************************************************************************

***************************************************************************************************************
TITLE == DisplayPadIsDevicePlug
TYPE == MESSAGE
TIME :17.07.2026 21:05:01
==> MESSAGE : True
==> STACK TRACE : 
***************************************************************************************************************

***************************************************************************************************************
TITLE == DisplayPadIsDevicePlug
TYPE == MESSAGE
TIME :17.07.2026 21:05:01
==> MESSAGE : True
==> STACK TRACE : 
***************************************************************************************************************

***************************************************************************************************************
TITLE == DisplayPadIsDevicePlug
TYPE == MESSAGE
TIME :17.07.2026 21:05:01
==> MESSAGE : True
==> STACK TRACE : 
***************************************************************************************************************

***************************************************************************************************************
TITLE == DisplayPadIsDevicePlug
TYPE == MESSAGE
TIME :17.07.2026 21:05:01
==> MESSAGE : True
==> STACK TRACE : 
***************************************************************************************************************

***************************************************************************************************************
TITLE == DisplayPadIsDevicePlug
TYPE == MESSAGE
TIME :17.07.2026 21:05:01
==> MESSAGE : True
==> STACK TRACE : 
***************************************************************************************************************

***************************************************************************************************************
TITLE == DisplayPadIsDevicePlug
TYPE == MESSAGE
TIME :17.07.2026 21:05:01
==> MESSAGE : True
==> STACK TRACE : 
***************************************************************************************************************

***************************************************************************************************************
TITLE == DisplayPadIsDevicePlug
TYPE == MESSAGE
TIME :17.07.2026 21:05:01
==> MESSAGE : True
==> STACK TRACE : 
***************************************************************************************************************

***************************************************************************************************************
TITLE == DisplayPadIsDevicePlug
TYPE == MESSAGE
TIME :17.07.2026 21:05:01
==> MESSAGE : True
==> STACK TRACE : 
***************************************************************************************************************

***************************************************************************************************************
TITLE == DisplayPadIsDevicePlug
TYPE == MESSAGE
TIME :17.07.2026 21:05:01
==> MESSAGE : True
==> STACK TRACE : 
***************************************************************************************************************

***************************************************************************************************************
TITLE == DisplayPadIsDevicePlug
TYPE == MESSAGE
TIME :17.07.2026 21:05:02
==> MESSAGE : True
==> STACK TRACE : 
***************************************************************************************************************

***************************************************************************************************************
TITLE == DisplayPadIsDevicePlug
TYPE == MESSAGE
TIME :17.07.2026 21:05:02
==> MESSAGE : True
==> STACK TRACE : 
***************************************************************************************************************

***************************************************************************************************************
TITLE == DisplayPadIsDevicePlug
TYPE == MESSAGE
TIME :17.07.2026 21:05:02
==> MESSAGE : True
==> STACK TRACE : 
***************************************************************************************************************

***************************************************************************************************************
TITLE == DisplayPadIsDevicePlug
TYPE == MESSAGE
TIME :17.07.2026 21:05:02
==> MESSAGE : True
==> STACK TRACE : 
***************************************************************************************************************

***************************************************************************************************************
TITLE == DisplayPadIsDevicePlug
TYPE == MESSAGE
TIME :17.07.2026 21:05:02
==> MESSAGE : True
==> STACK TRACE : 
***************************************************************************************************************

***************************************************************************************************************
TITLE == DisplayPadIsDevicePlug
TYPE == MESSAGE
TIME :17.07.2026 21:05:02
==> MESSAGE : True
==> STACK TRACE : 
***************************************************************************************************************

***************************************************************************************************************
TITLE == DisplayPadIsDevicePlug
TYPE == MESSAGE
TIME :17.07.2026 21:05:02
==> MESSAGE : True
==> STACK TRACE : 
***************************************************************************************************************

***************************************************************************************************************
TITLE == DisplayPadIsDevicePlug
TYPE == MESSAGE
TIME :17.07.2026 21:05:02
==> MESSAGE : True
==> STACK TRACE : 
***************************************************************************************************************

***************************************************************************************************************
TITLE == DisplayPadIsDevicePlug
TYPE == MESSAGE
TIME :17.07.2026 21:05:02
==> MESSAGE : True
==> STACK TRACE : 
***************************************************************************************************************

***************************************************************************************************************
TITLE == DisplayPadIsDevicePlug
TYPE == MESSAGE
TIME :17.07.2026 21:05:02
==> MESSAGE : True
==> STACK TRACE : 
***************************************************************************************************************

***************************************************************************************************************
TITLE == DisplayPadIsDevicePlug
TYPE == MESSAGE
TIME :17.07.2026 21:05:02
==> MESSAGE : True
==> STACK TRACE : 
***************************************************************************************************************

***************************************************************************************************************
TITLE == DisplayPadIsDevicePlug
TYPE == MESSAGE
TIME :17.07.2026 21:05:02
==> MESSAGE : True
==> STACK TRACE : 
***************************************************************************************************************

***************************************************************************************************************
TITLE == DisplayPadIsDevicePlug
TYPE == MESSAGE
TIME :17.07.2026 21:05:02
==> MESSAGE : True
==> STACK TRACE : 
***************************************************************************************************************

***************************************************************************************************************
TITLE == DisplayPadIsDevicePlug
TYPE == MESSAGE
TIME :17.07.2026 21:05:27
==> MESSAGE : True
==> STACK TRACE : 
***************************************************************************************************************

***************************************************************************************************************
TITLE == DisplayPadIsDevicePlug
TYPE == MESSAGE
TIME :17.07.2026 21:05:27
==> MESSAGE : True
==> STACK TRACE : 
***************************************************************************************************************

***************************************************************************************************************
TITLE == DisplayPadIsDevicePlug
TYPE == MESSAGE
TIME :17.07.2026 21:05:27
==> MESSAGE : True
==> STACK TRACE : 
***************************************************************************************************************

***************************************************************************************************************
TITLE == DisplayPadIsDevicePlug
TYPE == MESSAGE
TIME :17.07.2026 21:05:27
==> MESSAGE : True
==> STACK TRACE : 
***************************************************************************************************************

***************************************************************************************************************
TITLE == DisplayPadIsDevicePlug
TYPE == MESSAGE
TIME :17.07.2026 21:05:27
==> MESSAGE : True
==> STACK TRACE : 
***************************************************************************************************************

***************************************************************************************************************
TITLE == DisplayPadIsDevicePlug
TYPE == MESSAGE
TIME :17.07.2026 21:05:27
==> MESSAGE : True
==> STACK TRACE : 
***************************************************************************************************************

***************************************************************************************************************
TITLE == DisplayPadIsDevicePlug
TYPE == MESSAGE
TIME :17.07.2026 21:05:27
==> MESSAGE : True
==> STACK TRACE : 
***************************************************************************************************************

***************************************************************************************************************
TITLE == DisplayPadIsDevicePlug
TYPE == MESSAGE
TIME :17.07.2026 21:05:27
==> MESSAGE : True
==> STACK TRACE : 
***************************************************************************************************************

***************************************************************************************************************
TITLE == DisplayPadIsDevicePlug
TYPE == MESSAGE
TIME :17.07.2026 21:05:27
==> MESSAGE : True
==> STACK TRACE : 
***************************************************************************************************************

***************************************************************************************************************
TITLE == DisplayPadIsDevicePlug
TYPE == MESSAGE
TIME :17.07.2026 21:05:27
==> MESSAGE : True
==> STACK TRACE : 
***************************************************************************************************************

***************************************************************************************************************
TITLE == DisplayPadIsDevicePlug
TYPE == MESSAGE
TIME :17.07.2026 21:05:27
==> MESSAGE : True
==> STACK TRACE : 
***************************************************************************************************************

***************************************************************************************************************
TITLE == DisplayPadIsDevicePlug
TYPE == MESSAGE
TIME :17.07.2026 21:05:27
==> MESSAGE : True
==> STACK TRACE : 
***************************************************************************************************************

***************************************************************************************************************
TITLE == DisplayPadIsDevicePlug
TYPE == MESSAGE
TIME :17.07.2026 21:05:27
==> MESSAGE : True
==> STACK TRACE : 
***************************************************************************************************************

***************************************************************************************************************
TITLE == DisplayPadIsDevicePlug
TYPE == MESSAGE
TIME :17.07.2026 21:06:19
==> MESSAGE : True
==> STACK TRACE : 
***************************************************************************************************************

***************************************************************************************************************
TITLE == DisplayPadIsDevicePlug
TYPE == MESSAGE
TIME :17.07.2026 21:06:19
==> MESSAGE : True
==> STACK TRACE : 
***************************************************************************************************************

***************************************************************************************************************
TITLE == DisplayPadIsDevicePlug
TYPE == MESSAGE
TIME :17.07.2026 21:06:19
==> MESSAGE : True
==> STACK TRACE : 
***************************************************************************************************************

***************************************************************************************************************
TITLE == DisplayPadIsDevicePlug
TYPE == MESSAGE
TIME :17.07.2026 21:06:19
==> MESSAGE : True
==> STACK TRACE : 
***************************************************************************************************************

***************************************************************************************************************
TITLE == DisplayPadIsDevicePlug
TYPE == MESSAGE
TIME :17.07.2026 21:06:19
==> MESSAGE : True
==> STACK TRACE : 
***************************************************************************************************************

***************************************************************************************************************
TITLE == DisplayPadIsDevicePlug
TYPE == MESSAGE
TIME :17.07.2026 21:06:19
==> MESSAGE : True
==> STACK TRACE : 
***************************************************************************************************************

***************************************************************************************************************
TITLE == DisplayPadIsDevicePlug
TYPE == MESSAGE
TIME :17.07.2026 21:06:19
==> MESSAGE : True
==> STACK TRACE : 
***************************************************************************************************************

***************************************************************************************************************
TITLE == DisplayPadIsDevicePlug
TYPE == MESSAGE
TIME :17.07.2026 21:06:19
==> MESSAGE : True
==> STACK TRACE : 
***************************************************************************************************************

***************************************************************************************************************
TITLE == DisplayPadIsDevicePlug
TYPE == MESSAGE
TIME :17.07.2026 21:06:19
==> MESSAGE : True
==> STACK TRACE : 
***************************************************************************************************************

***************************************************************************************************************
TITLE == DisplayPadIsDevicePlug
TYPE == MESSAGE
TIME :17.07.2026 21:06:19
==> MESSAGE : True
==> STACK TRACE : 
***************************************************************************************************************

***************************************************************************************************************
TITLE == DisplayPadIsDevicePlug
TYPE == MESSAGE
TIME :17.07.2026 21:06:19
==> MESSAGE : True
==> STACK TRACE : 
***************************************************************************************************************

***************************************************************************************************************
TITLE == DisplayPadIsDevicePlug
TYPE == MESSAGE
TIME :17.07.2026 21:06:19
==> MESSAGE : True
==> STACK TRACE : 
***************************************************************************************************************

***************************************************************************************************************
TITLE == DisplayPadIsDevicePlug
TYPE == MESSAGE
TIME :17.07.2026 21:06:19
==> MESSAGE : True
==> STACK TRACE : 
***************************************************************************************************************

***************************************************************************************************************
TITLE == DisplayPadIsDevicePlug
TYPE == MESSAGE
TIME :17.07.2026 21:06:20
==> MESSAGE : True
==> STACK TRACE : 
***************************************************************************************************************

***************************************************************************************************************
TITLE == DisplayPadIsDevicePlug
TYPE == MESSAGE
TIME :17.07.2026 21:06:20
==> MESSAGE : True
==> STACK TRACE : 
***************************************************************************************************************

***************************************************************************************************************
TITLE == DisplayPadIsDevicePlug
TYPE == MESSAGE
TIME :17.07.2026 21:06:20
==> MESSAGE : True
==> STACK TRACE : 
***************************************************************************************************************

***************************************************************************************************************
TITLE == DisplayPadIsDevicePlug
TYPE == MESSAGE
TIME :17.07.2026 21:06:20
==> MESSAGE : True
==> STACK TRACE : 
***************************************************************************************************************

***************************************************************************************************************
TITLE == DisplayPadIsDevicePlug
TYPE == MESSAGE
TIME :17.07.2026 21:06:20
==> MESSAGE : True
==> STACK TRACE : 
***************************************************************************************************************

***************************************************************************************************************
TITLE == DisplayPadIsDevicePlug
TYPE == MESSAGE
TIME :17.07.2026 21:06:20
==> MESSAGE : True
==> STACK TRACE : 
***************************************************************************************************************

***************************************************************************************************************
TITLE == DisplayPadIsDevicePlug
TYPE == MESSAGE
TIME :17.07.2026 21:06:20
==> MESSAGE : True
==> STACK TRACE : 
***************************************************************************************************************

***************************************************************************************************************
TITLE == DisplayPadIsDevicePlug
TYPE == MESSAGE
TIME :17.07.2026 21:06:20
==> MESSAGE : True
==> STACK TRACE : 
***************************************************************************************************************

***************************************************************************************************************
TITLE == DisplayPadIsDevicePlug
TYPE == MESSAGE
TIME :17.07.2026 21:06:20
==> MESSAGE : True
==> STACK TRACE : 
***************************************************************************************************************

***************************************************************************************************************
TITLE == DisplayPadIsDevicePlug
TYPE == MESSAGE
TIME :17.07.2026 21:06:20
==> MESSAGE : True
==> STACK TRACE : 
***************************************************************************************************************

***************************************************************************************************************
TITLE == DisplayPadIsDevicePlug
TYPE == MESSAGE
TIME :17.07.2026 21:06:20
==> MESSAGE : True
==> STACK TRACE : 
***************************************************************************************************************

***************************************************************************************************************
TITLE == DisplayPadIsDevicePlug
TYPE == MESSAGE
TIME :17.07.2026 21:06:20
==> MESSAGE : True
==> STACK TRACE : 
***************************************************************************************************************

***************************************************************************************************************
TITLE == DisplayPadIsDevicePlug
TYPE == MESSAGE
TIME :17.07.2026 21:06:20
==> MESSAGE : True
==> STACK TRACE : 
***************************************************************************************************************

***************************************************************************************************************
TITLE == DisplayPadIsDevicePlug
TYPE == MESSAGE
TIME :17.07.2026 21:06:45
==> MESSAGE : True
==> STACK TRACE : 
***************************************************************************************************************

***************************************************************************************************************
TITLE == DisplayPadIsDevicePlug
TYPE == MESSAGE
TIME :17.07.2026 21:06:45
==> MESSAGE : True
==> STACK TRACE : 
***************************************************************************************************************

***************************************************************************************************************
TITLE == DisplayPadIsDevicePlug
TYPE == MESSAGE
TIME :17.07.2026 21:06:45
==> MESSAGE : True
==> STACK TRACE : 
***************************************************************************************************************

***************************************************************************************************************
TITLE == DisplayPadIsDevicePlug
TYPE == MESSAGE
TIME :17.07.2026 21:06:45
==> MESSAGE : True
==> STACK TRACE : 
***************************************************************************************************************

***************************************************************************************************************
TITLE == DisplayPadIsDevicePlug
TYPE == MESSAGE
TIME :17.07.2026 21:06:45
==> MESSAGE : True
==> STACK TRACE : 
***************************************************************************************************************

***************************************************************************************************************
TITLE == DisplayPadIsDevicePlug
TYPE == MESSAGE
TIME :17.07.2026 21:06:45
==> MESSAGE : True
==> STACK TRACE : 
***************************************************************************************************************

***************************************************************************************************************
TITLE == DisplayPadIsDevicePlug
TYPE == MESSAGE
TIME :17.07.2026 21:06:45
==> MESSAGE : True
==> STACK TRACE : 
***************************************************************************************************************

***************************************************************************************************************
TITLE == DisplayPadIsDevicePlug
TYPE == MESSAGE
TIME :17.07.2026 21:06:45
==> MESSAGE : True
==> STACK TRACE : 
***************************************************************************************************************

***************************************************************************************************************
TITLE == DisplayPadIsDevicePlug
TYPE == MESSAGE
TIME :17.07.2026 21:06:45
==> MESSAGE : True
==> STACK TRACE : 
***************************************************************************************************************

***************************************************************************************************************
TITLE == DisplayPadIsDevicePlug
TYPE == MESSAGE
TIME :17.07.2026 21:06:45
==> MESSAGE : True
==> STACK TRACE : 
***************************************************************************************************************

***************************************************************************************************************
TITLE == DisplayPadIsDevicePlug
TYPE == MESSAGE
TIME :17.07.2026 21:06:46
==> MESSAGE : True
==> STACK TRACE : 
***************************************************************************************************************

***************************************************************************************************************
TITLE == DisplayPadIsDevicePlug
TYPE == MESSAGE
TIME :17.07.2026 21:06:46
==> MESSAGE : True
==> STACK TRACE : 
***************************************************************************************************************

***************************************************************************************************************
TITLE == DisplayPadIsDevicePlug
TYPE == MESSAGE
TIME :17.07.2026 21:06:46
==> MESSAGE : True
==> STACK TRACE : 
***************************************************************************************************************

***************************************************************************************************************
TITLE == DisplayPadIsDevicePlug
TYPE == MESSAGE
TIME :17.07.2026 21:06:56
==> MESSAGE : True
==> STACK TRACE : 
***************************************************************************************************************

***************************************************************************************************************
TITLE == DisplayPadIsDevicePlug
TYPE == MESSAGE
TIME :17.07.2026 21:06:56
==> MESSAGE : True
==> STACK TRACE : 
***************************************************************************************************************

***************************************************************************************************************
TITLE == DisplayPadIsDevicePlug
TYPE == MESSAGE
TIME :17.07.2026 21:06:56
==> MESSAGE : True
==> STACK TRACE : 
***************************************************************************************************************

***************************************************************************************************************
TITLE == DisplayPadIsDevicePlug
TYPE == MESSAGE
TIME :17.07.2026 21:06:56
==> MESSAGE : True
==> STACK TRACE : 
***************************************************************************************************************

***************************************************************************************************************
TITLE == DisplayPadIsDevicePlug
TYPE == MESSAGE
TIME :17.07.2026 21:06:56
==> MESSAGE : True
==> STACK TRACE : 
***************************************************************************************************************

***************************************************************************************************************
TITLE == DisplayPadIsDevicePlug
TYPE == MESSAGE
TIME :17.07.2026 21:06:56
==> MESSAGE : True
==> STACK TRACE : 
***************************************************************************************************************

***************************************************************************************************************
TITLE == DisplayPadIsDevicePlug
TYPE == MESSAGE
TIME :17.07.2026 21:06:56
==> MESSAGE : True
==> STACK TRACE : 
***************************************************************************************************************

***************************************************************************************************************
TITLE == DisplayPadIsDevicePlug
TYPE == MESSAGE
TIME :17.07.2026 21:06:56
==> MESSAGE : True
==> STACK TRACE : 
***************************************************************************************************************

***************************************************************************************************************
TITLE == DisplayPadIsDevicePlug
TYPE == MESSAGE
TIME :17.07.2026 21:06:56
==> MESSAGE : True
==> STACK TRACE : 
***************************************************************************************************************

***************************************************************************************************************
TITLE == DisplayPadIsDevicePlug
TYPE == MESSAGE
TIME :17.07.2026 21:06:56
==> MESSAGE : True
==> STACK TRACE : 
***************************************************************************************************************

***************************************************************************************************************
TITLE == DisplayPadIsDevicePlug
TYPE == MESSAGE
TIME :17.07.2026 21:06:56
==> MESSAGE : True
==> STACK TRACE : 
***************************************************************************************************************

***************************************************************************************************************
TITLE == DisplayPadIsDevicePlug
TYPE == MESSAGE
TIME :17.07.2026 21:06:56
==> MESSAGE : True
==> STACK TRACE : 
***************************************************************************************************************

***************************************************************************************************************
TITLE == DisplayPadIsDevicePlug
TYPE == MESSAGE
TIME :17.07.2026 21:06:56
==> MESSAGE : True
==> STACK TRACE : 
***************************************************************************************************************

***************************************************************************************************************
TYPE == MESSAGE
TIME :17.07.2026 21:19:49
==> MESSAGE : Display pad Message Pump Thread Started: True
==> STACK TRACE : 
***************************************************************************************************************

***************************************************************************************************************
TITLE == DisplayPadIsDevicePlug
TYPE == MESSAGE
TIME :17.07.2026 21:19:49
==> MESSAGE : True
==> STACK TRACE : 
***************************************************************************************************************

***************************************************************************************************************
TITLE == DisplayPadIsDevicePlug
TYPE == MESSAGE
TIME :17.07.2026 21:19:49
==> MESSAGE : True
==> STACK TRACE : 
***************************************************************************************************************

***************************************************************************************************************
TITLE == DisplayPadAPEnable
TYPE == MESSAGE
TIME :17.07.2026 21:19:49
==> MESSAGE : True
==> STACK TRACE : 
***************************************************************************************************************

***************************************************************************************************************
TITLE == DisplayPadIsDevicePlug
TYPE == MESSAGE
TIME :17.07.2026 21:19:49
==> MESSAGE : True
==> STACK TRACE : 
***************************************************************************************************************

***************************************************************************************************************
TITLE == DisplayPadIsDevicePlug
TYPE == MESSAGE
TIME :17.07.2026 21:19:49
==> MESSAGE : True
==> STACK TRACE : 
***************************************************************************************************************

***************************************************************************************************************
TITLE == DisplayPadAPEnable
TYPE == MESSAGE
TIME :17.07.2026 21:19:49
==> MESSAGE : True
==> STACK TRACE : 
***************************************************************************************************************

***************************************************************************************************************
TITLE == DisplayPadAPEnable
TYPE == MESSAGE
TIME :17.07.2026 21:19:49
==> MESSAGE : True
==> STACK TRACE : 
***************************************************************************************************************

***************************************************************************************************************
TITLE == DisplayPadIsDevicePlug
TYPE == MESSAGE
TIME :17.07.2026 21:25:30
==> MESSAGE : True
==> STACK TRACE : 
***************************************************************************************************************

***************************************************************************************************************
TITLE == DisplayPadIsDevicePlug
TYPE == MESSAGE
TIME :17.07.2026 21:25:30
==> MESSAGE : True
==> STACK TRACE : 
***************************************************************************************************************

***************************************************************************************************************
TITLE == DisplayPadIsDevicePlug
TYPE == MESSAGE
TIME :17.07.2026 21:25:30
==> MESSAGE : True
==> STACK TRACE : 
***************************************************************************************************************

***************************************************************************************************************
TITLE == DisplayPadIsDevicePlug
TYPE == MESSAGE
TIME :17.07.2026 21:25:30
==> MESSAGE : True
==> STACK TRACE : 
***************************************************************************************************************

***************************************************************************************************************
TITLE == DisplayPadIsDevicePlug
TYPE == MESSAGE
TIME :17.07.2026 21:25:30
==> MESSAGE : True
==> STACK TRACE : 
***************************************************************************************************************

***************************************************************************************************************
TITLE == DisplayPadIsDevicePlug
TYPE == MESSAGE
TIME :17.07.2026 21:25:30
==> MESSAGE : True
==> STACK TRACE : 
***************************************************************************************************************

***************************************************************************************************************
TITLE == DisplayPadIsDevicePlug
TYPE == MESSAGE
TIME :17.07.2026 21:25:30
==> MESSAGE : True
==> STACK TRACE : 
***************************************************************************************************************

***************************************************************************************************************
TITLE == DisplayPadIsDevicePlug
TYPE == MESSAGE
TIME :17.07.2026 21:25:30
==> MESSAGE : True
==> STACK TRACE : 
***************************************************************************************************************

***************************************************************************************************************
TITLE == DisplayPadIsDevicePlug
TYPE == MESSAGE
TIME :17.07.2026 21:25:30
==> MESSAGE : True
==> STACK TRACE : 
***************************************************************************************************************

***************************************************************************************************************
TITLE == DisplayPadIsDevicePlug
TYPE == MESSAGE
TIME :17.07.2026 21:25:30
==> MESSAGE : True
==> STACK TRACE : 
***************************************************************************************************************

***************************************************************************************************************
TITLE == DisplayPadIsDevicePlug
TYPE == MESSAGE
TIME :17.07.2026 21:25:30
==> MESSAGE : True
==> STACK TRACE : 
***************************************************************************************************************

***************************************************************************************************************
TITLE == DisplayPadIsDevicePlug
TYPE == MESSAGE
TIME :17.07.2026 21:25:30
==> MESSAGE : True
==> STACK TRACE : 
***************************************************************************************************************

***************************************************************************************************************
TITLE == DisplayPadIsDevicePlug
TYPE == MESSAGE
TIME :17.07.2026 21:25:30
==> MESSAGE : True
==> STACK TRACE : 
***************************************************************************************************************
